{
    "accuracy": 0.6783536585365854,
    "precision": 0.6222222222222222,
    "recall": 0.3442622950819672,
    "f1-score": 0.44327176781002636
}