{
    "accuracy": 0.6935286935286935,
    "precision": 0.6726190476190477,
    "recall": 0.3656957928802589,
    "f1_score": 0.47379454926624737
}
